<?xml version="1.0" encoding="UTF-8"?>
<classpath>
	<classpathentry kind="src" path="src"/>
	<classpathentry exported="true" kind="con" path="org.eclipse.jdt.launching.JRE_CONTAINER/org.eclipse.jdt.internal.debug.ui.launcher.StandardVMType/JavaSE-1.8">
		<attributes>
			<attribute name="owner.project.facets" value="java"/>
		</attributes>
	</classpathentry>
	<classpathentry exported="true" kind="con" path="org.eclipse.jst.j2ee.internal.web.container"/>
	<classpathentry exported="true" kind="con" path="org.eclipse.jst.j2ee.internal.module.container"/>
	<classpathentry kind="lib" path="/Users/ybhangdiya/Downloads/dtdgen7-0/dtdgen.jar"/>
	<classpathentry kind="lib" path="/Users/ybhangdiya/Downloads/Yogi/lib/javax.servlet.jar"/>
	<classpathentry kind="lib" path="/Users/ybhangdiya/Downloads/Yogi/lib/jsoup-1.8.1.jar"/>
	<classpathentry kind="lib" path="/Users/ybhangdiya/Downloads/Yogi/lib/mysql-connector-java-5.0.4-bin.jar"/>
	<classpathentry kind="lib" path="/Users/ybhangdiya/Downloads/Yogi/lib/mysql-connector-java-5.0.7-bin.jar"/>
	<classpathentry kind="lib" path="/Users/ybhangdiya/Downloads/Yogi/lib/servlet-api.jar"/>
	<classpathentry kind="output" path="build/classes"/>
</classpath>
