<?xml version="1.0" encoding="UTF-8"?>
<project-private xmlns="http://www.netbeans.org/ns/project-private/1">
    <editor-bookmarks xmlns="http://www.netbeans.org/ns/editor-bookmarks/2" lastBookmarkId="0"/>
    <open-files xmlns="http://www.netbeans.org/ns/projectui-open-files/2">
        <group name="TruckShippingProj">
            <file>file:/Users/ybhangdiya/Downloads/Project%203/webservices/webservice2.html</file>
            <file>file:/Users/ybhangdiya/Downloads/Project%203/webservices/Material%20Admin%20-%20Accordions_files/materialadmin.css</file>
        </group>
    </open-files>
</project-private>
