<?xml version="1.0" encoding="UTF-8"?>
<com:comments xmlns:com="urn:comments"
	xmlns:xsi="http://www.w3.org/2001/XMLSchema-instance"
	xsi:schemaLocation="urn:comments ../XSD/comments.xsd ">
	
	<comment>
		<commentID>COM_001</commentID>
		<commentTime>11:00</commentTime>
		<commentDate>08-13-2016</commentDate>
		<description>Service was good</description>
		<type>Customer</type>
	</comment>
	<comment>
		<commentID>COM_002</commentID>
		<commentTime>13:00</commentTime>
		<commentDate>01-23-2017</commentDate>
		<description>Delivered in execellent conditon</description>
		<type>Order</type>
	</comment>
	<comment>
		<commentID>COM_003</commentID>
		<commentTime>01:00</commentTime>
		<commentDate>02-19-2017</commentDate>
		<description>On time delivery and an excellent customer service</description>
		<type>Customer</type>
	</comment>
	<comment>
		<commentID>COM_004</commentID>
		<commentTime>21:00</commentTime>
		<commentDate>06-01-2017</commentDate>
		<description>Delivery was damaged</description>
		<type>Order</type>
	</comment>
</com:comments>
