<?xml version="1.0" encoding="UTF-8"?>
<cus:customers xmlns:cus="urn:customers"
	xmlns:xsi="http://www.w3.org/2001/XMLSchema-instance"
	xsi:schemaLocation="urn:customers ../XSD/customers.xsd ">
	<customer>
		<customerID>CUS_001</customerID>
		<customerTitle>Mr</customerTitle>
		<businessName>Raunak Jain</businessName>
		<billingAddress>29 E Madisson St </billingAddress>
		<city>Chicago</city>
		<state>Illinois</state>
		<postalCode>60601</postalCode>
		<country>USA</country>
		<phoneNumber>7731809905</phoneNumber>
		<cellNumber>7325673452</cellNumber>
		<faxNumber>5128936478</faxNumber>
		<emailID>rjain@gmail.com</emailID>
		<type>Active</type>
		<companyName>Mecum Auctions</companyName>
		<contactName>John Hodges</contactName>
		<alternateContactName>Kenneth Joines</alternateContactName>
		<dateEntered>06/05/2016</dateEntered>
	</customer>
	<customer>
		<customerID>CUS_002</customerID>
		<customerTitle>Mr</customerTitle>
		<businessName>Ben Cubbit</businessName>
		<billingAddress>921 Hawthorne St </billingAddress>
		<city>Enola</city>
		<state>Pennslyvania</state>
		<postalCode>17025</postalCode>
		<country>USA</country>
		<phoneNumber>5128897685</phoneNumber>
		<cellNumber>3129874516</cellNumber>
		<faxNumber>5124492648</faxNumber>
		<emailID>benc007@yahoo.com</emailID>
		<type>Active</type>
		<companyName>Barrett-Jackson</companyName>
		<contactName>Mauricio Moreno</contactName>
		<alternateContactName>Anne Heitke</alternateContactName>
		<dateEntered>01/20/2015</dateEntered>
	</customer>
	<customer>
		<customerID>CUS_003</customerID>
		<customerTitle>Ms</customerTitle>
		<businessName>Laila Geoshanghai</businessName>
		<billingAddress>9 W Adams St </billingAddress>
		<city>Fullerton</city>
		<state>California</state>
		<postalCode>34567</postalCode>
		<country>USA</country>
		<phoneNumber>3839923222</phoneNumber>
		<cellNumber>3126735211</cellNumber>
		<faxNumber>5120987436</faxNumber>
		<emailID>lailageo@hotmail.com</emailID>
		<type>Active</type>
		<companyName>Russo and Steele</companyName>
		<contactName>Ike Okoli</contactName>
		<alternateContactName>YoLanda Neisler</alternateContactName>
		<dateEntered>02/04/2016</dateEntered>
	</customer>
	<customer>
		<customerID>CUS_004</customerID>
		<customerTitle>Mr</customerTitle>
		<businessName>Yauheni Jacobs</businessName>
		<billingAddress>300 E Randoplh St </billingAddress>
		<city>Tampa</city>
		<state>Florida</state>
		<postalCode>56789</postalCode>
		<country>USA</country>
		<phoneNumber>9923847765</phoneNumber>
		<cellNumber>7327876543</cellNumber>
		<faxNumber>7320981232</faxNumber>
		<emailID>yauhjac@gmail.com</emailID>
		<type>suspended</type>
		<companyName>ADESA</companyName>
		<contactName>Bekir Kitis</contactName>
		<alternateContactName>Cheryl Grant</alternateContactName>
		<dateEntered>03/09/2016</dateEntered>
	</customer>
</cus:customers>
