<?xml version="1.0" encoding="UTF-8"?>
<emp:employees xmlns:emp="urn:employees"
	xmlns:xsi="http://www.w3.org/2001/XMLSchema-instance"
	xsi:schemaLocation="urn:employees  ../XSD/employees.xsd ">

	<employee>
		<employeeID>EMP_001</employeeID>
		<firstName>Rudy</firstName>
		<lastName>Loo</lastName>
		<emailId>rloo@gmail.com</emailId>
		<extension>3600</extension>
		<homePhone>4562370189</homePhone>
		<cellPhone>3125569981</cellPhone>
		<jobTitle>Engineer</jobTitle>
		<SSN>011456356</SSN>
		<driverLicenseNum>L000-7209-0229</driverLicenseNum>
		<streetAddress>3001 S Michigan Avenue</streetAddress>
		<city>Chicago</city>
		<state>Illinois</state>
		<postalCode>60611</postalCode>
		<birthDate>01/20/1969</birthDate>
		<dateHire>10-15-2007</dateHire>
		<salary>4100.00</salary>
		<notes>new employee</notes>
	</employee>
	<employee>
		<employeeID>EMP_002</employeeID>
		<firstName>Andrew</firstName>
		<lastName>Peacock</lastName>
		<emailId>andpea002@gmail.com</emailId>
		<extension>6554</extension>
		<homePhone>2456379145</homePhone>
		<cellPhone>3129815569</cellPhone>
		<jobTitle>Sub Engineer</jobTitle>
		<SSN>011356456</SSN>
		<driverLicenseNum>P720-7200-0299</driverLicenseNum>
		<streetAddress>21 S Vermont Avenue</streetAddress>
		<city>Nashville</city>
		<state>Tennessee</state>
		<postalCode>60654</postalCode>
		<birthDate>03/02/1964</birthDate>
		<dateHire>09-15-2010</dateHire>
		<salary>3100.00</salary>
		<notes>employee of the month</notes>
	</employee>
	<employee>
		<employeeID>EMP_003</employeeID>
		<firstName>Mark</firstName>
		<lastName>Dossouss</lastName>
		<emailId>markd771@gmail.com</emailId>
		<extension>4563</extension>
		<homePhone>2791456345</homePhone>
		<cellPhone>3121556989</cellPhone>
		<jobTitle>Manager</jobTitle>
		<SSN>064511356</SSN>
		<driverLicenseNum>D720-6700-0939</driverLicenseNum>
		<streetAddress>67 E Halsted St</streetAddress>
		<city>Bloomington</city>
		<state>Indiana</state>
		<postalCode>47401</postalCode>
		<birthDate>03/02/1988</birthDate>
		<dateHire>12-27-2012</dateHire>
		<salary>5000.00</salary>
		<notes>needs training</notes>
	</employee>
</emp:employees>
