<?xml version="1.0" encoding="UTF-8"?>
<exp:expenses xmlns:exp="urn:expenses"
	xmlns:xsi="http://www.w3.org/2001/XMLSchema-instance"
	xsi:schemaLocation="urn:expenses  ../XSD/expenses.xsd ">

	<expense>
		<expenseID>EXP_001</expenseID>
		<employeeID>EMP_001</employeeID>
		<expenseType>Gas</expenseType>
		<purposeofExpense>Delivery</purposeofExpense>
		<amountSpent>1000.99</amountSpent>
		<description>Delivering shippment to customers</description>
		<datePurchased>01-26-2017</datePurchased>
		<dateSubmitted>02-01-2017</dateSubmitted>
		<advanceAmount>500.00</advanceAmount>
		<paymentMethod>Cash</paymentMethod>
	</expense>
	<expense>
		<expenseID>EXP_002</expenseID>
		<employeeID>EMP_003</employeeID>
		<expenseType>Maintenance</expenseType>
		<purposeofExpense>Annual Maintenance</purposeofExpense>
		<amountSpent>2000.99</amountSpent>
		<description>Servicing of the truck</description>
		<datePurchased>12-01-2016</datePurchased>
		<dateSubmitted>12-02-2016</dateSubmitted>
		<advanceAmount>500.00</advanceAmount>
		<paymentMethod>Cash</paymentMethod>
	</expense>
	<expense>
		<expenseID>EXP_003</expenseID>
		<employeeID>EMP_002</employeeID>
		<expenseType>Spare Part</expenseType>
		<purposeofExpense>Failure</purposeofExpense>
		<amountSpent>1200.99</amountSpent>
		<description>Emeegency replacement of axle while on the deliery</description>
		<datePurchased>10-09-2016</datePurchased>
		<dateSubmitted>10-12-2016</dateSubmitted>
		<advanceAmount>500.00</advanceAmount>
		<paymentMethod>Cash</paymentMethod>
	</expense>
</exp:expenses>
