<?xml version="1.0" encoding="UTF-8"?>
<inv:invoices xmlns:inv="urn:invoices"
	xmlns:xsi="http://www.w3.org/2001/XMLSchema-instance"
	xsi:schemaLocation="urn:invoices ../XSD/invoices.xsd ">
	<invoice>
		<invoiceID>INID_001</invoiceID>
		<orderID>ORD_001</orderID>
		<employeeID>EMP_001</employeeID>
		<customerID>CUS_001</customerID>
		<invoiceAmount>200.99</invoiceAmount>
	</invoice>
	<invoice>
		<invoiceID>INID_002</invoiceID>
		<orderID>ORD_002</orderID>
		<employeeID>EMP_002</employeeID>
		<customerID>CUS_002</customerID>
		<invoiceAmount>199.99</invoiceAmount>
	</invoice>
	<invoice>
		<invoiceID>INID_003</invoiceID>
		<orderID>ORD_003</orderID>
		<employeeID>EMP_003</employeeID>
		<customerID>CUS_003</customerID>
		<invoiceAmount>179.99</invoiceAmount>
	</invoice>
</inv:invoices>
