<?xml version="1.0" encoding="UTF-8"?>
<loc:locations xmlns:loc="urn:locations"
	xmlns:xsi="http://www.w3.org/2001/XMLSchema-instance"
	xsi:schemaLocation="urn:locations ../XSD/locations.xsd ">
	
	<location>
		<locID>LOC_001</locID>
		<locName>Chicago</locName>
		<locCode>60616</locCode>
		<isAuction>No</isAuction>
		<customerID>CUS_001</customerID>
		<addressStreet1>29</addressStreet1>
		<addressStreet2>E Madisson St</addressStreet2>
		<city> Chicago</city>
		<state>Illinois</state>
		<postalCode>60601</postalCode>
		<country>USA</country>
		<locContactName>Terri Duncan</locContactName>
		<locPhoneNumber>3124536271</locPhoneNumber>
		<locFaxNumber>7320985678</locFaxNumber>
		<locEmail>terri.duncan@mecum.com</locEmail>
	</location>
	<location>
		<locID>LOC_002</locID>
		<locName>Enola</locName>
		<locCode>17025</locCode>
		<isAuction>Yes</isAuction>
		<customerID>CUS_002</customerID>
		<addressStreet1>921</addressStreet1>
		<addressStreet2>Hawthorne St</addressStreet2>
		<city> Enola</city>
		<state>Pennslyvania</state>
		<postalCode>17025</postalCode>
		<country>USA</country>
		<locContactName>Wendy Arias</locContactName>
		<locPhoneNumber>3122345633</locPhoneNumber>
		<locFaxNumber>7320908966</locFaxNumber>
		<locEmail>wendy.arias@russo.com</locEmail>
	</location>
</loc:locations>
