<?xml version="1.0" encoding="UTF-8"?>
<ord:orders xmlns:ord="urn:orders"
	xmlns:xsi="http://www.w3.org/2001/XMLSchema-instance"
	xsi:schemaLocation="urn:orders ../XSD/orders.xsd ">
	<order>
		<orderID>ORD_001</orderID>
		<orderDate>03-05-2017</orderDate>
		<customerID>CUS_001</customerID>
		<employeeID>EMP_002</employeeID>
		<truckNo>TR_003</truckNo>
		<isSpecial>No</isSpecial>
		<pON>130891</pON>
		<orderTotalAmount>549800</orderTotalAmount>
	</order>
	<order>
		<orderID>ORD_002 </orderID>
		<orderDate>09-13-2016</orderDate>
		<customerID>CUS_003</customerID>
		<employeeID>EMP_001</employeeID>
		<truckNo>TR_001</truckNo>
		<isSpecial>No</isSpecial>
		<pON>230195</pON>
		<orderTotalAmount>9922000</orderTotalAmount>
	</order>
	<order>
		<orderID>ORD_003 </orderID>
		<orderDate>10-13-2016</orderDate>
		<customerID>CUS_002</customerID>
		<employeeID>EMP_002</employeeID>
		<truckNo>TR_002</truckNo>
		<isSpecial>No</isSpecial>
		<pON>450167</pON>
		<orderTotalAmount>456123</orderTotalAmount>
	</order>
	</ord:orders>
