<?xml version="1.0" encoding="UTF-8"?>
<pay:paymnets xmlns:pay="urn:payments"
	xmlns:xsi="http://www.w3.org/2001/XMLSchema-instance"
	xsi:schemaLocation="urn:payments ../XSD/payments.xsd ">
	<payment>
		<paymentID>Pay_001</paymentID>
		<orderID>ORD_001</orderID>
		<transactionID>TRAN_001</transactionID>
		<paymentMethodID>PMI_001</paymentMethodID>
		<paymentAmount>34.99</paymentAmount>
		<paymentDate>05-06-2017</paymentDate>
		<checkNumber>--</checkNumber>
		<creditCardNumber>4532329628239651</creditCardNumber>
		<cardholdersName>SOPHIA ERICKSON</cardholdersName>
		<creditCardExpDate>09/19</creditCardExpDate>
		<cVV>382</cVV>
	</payment>
	<payment>
		<paymentID>Pay_002</paymentID>
		<orderID>ORD_002</orderID>
		<transactionID>TRAN_002</transactionID>
		<paymentMethodID>PMI_002</paymentMethodID>
		<paymentAmount>64.99</paymentAmount>
		<paymentDate>08-24-2017</paymentDate>
		<checkNumber>--</checkNumber>
		<creditCardNumber>3795658611600700</creditCardNumber>
		<cardholdersName>ANNA YOUMANSN</cardholdersName>
		<creditCardExpDate>04/19</creditCardExpDate>
		<cVV>478</cVV>
	</payment>
	<payment>
		<paymentID>Pay_003</paymentID>
		<orderID>ORD_003</orderID>
		<transactionID>TRAN_003</transactionID>
		<paymentMethodID>PMI_003</paymentMethodID>
		<paymentAmount>104.99</paymentAmount>
		<paymentDate>09-10-2017</paymentDate>
		<checkNumber>--</checkNumber>
		<creditCardNumber>5586523442149888</creditCardNumber>
		<cardholdersName>LAUREN SHELDON</cardholdersName>
		<creditCardExpDate>09/22</creditCardExpDate>
		<cVV>306</cVV>
	</payment>
</pay:paymnets>
