<?xml version="1.0" encoding="UTF-8"?>
<pr:pricing xmlns:pr="urn:pricing"
	xmlns:xsi="http://www.w3.org/2001/XMLSchema-instance"
	xsi:schemaLocation="urn:pricing ../XSD/pricing.xsd ">
	<shippingCost>
		<priceID>PR_001</priceID>
		<locationIDFrom>9011362</locationIDFrom>
		<locationIDTo>9066378</locationIDTo>
		<price>150.99</price>
		<locationCodeFrom>60601</locationCodeFrom>
		<locationCodeTo>17025</locationCodeTo>
		<locationNameFrom>Chicago</locationNameFrom>
		<locationNameTo>Boston</locationNameTo>
		<customerID>CUS_001</customerID>
	</shippingCost>
	<shippingCost>
		<priceID>PR_002</priceID>
		<locationIDFrom>9803977</locationIDFrom>
		<locationIDTo>1367245</locationIDTo>
		<price>250.99</price>
		<locationCodeFrom>45678</locationCodeFrom>
		<locationCodeTo>65436</locationCodeTo>
		<locationNameFrom>Fullerton</locationNameFrom>
		<locationNameTo>Tampa</locationNameTo>
		<customerID>CUS_002</customerID>
	</shippingCost>
</pr:pricing>
