<?xml version="1.0" encoding="UTF-8"?>
<tic:tickets xmlns:tic="urn:tickets"
	xmlns:xsi="http://www.w3.org/2001/XMLSchema-instance"
	xsi:schemaLocation="urn:tickets ../XSD/tickets.xsd ">
	<ticket>
		<ticketID>TID_001</ticketID>
		<employeeID>EMP_001</employeeID>
		<ticketDate>09-15-2017</ticketDate>
		<reason>Over speeding</reason>
		<amount>300</amount>
		<isPaid>No</isPaid>
	</ticket>
	<ticket>
		<ticketID>TID_002</ticketID>
		<employeeID>EMP_002</employeeID>
		<ticketDate>08-13-2017</ticketDate>
		<reason>Running a red light or stop signg</reason>
		<amount>400</amount>
		<isPaid>Yes</isPaid>
	</ticket>
	<ticket>
		<ticketID>TID_003</ticketID>
		<employeeID>EMP_001</employeeID>
		<ticketDate>07-21-2017</ticketDate>
		<reason>Making an illegal U-turn</reason>
		<amount>300</amount>
		<isPaid>Yes</isPaid>
	</ticket>
</tic:tickets>
