<?xml version="1.0" encoding="UTF-8"?>
<trn:transactions xmlns:trn="urn:transactions"
	xmlns:xsi="http://www.w3.org/2001/XMLSchema-instance"
	xsi:schemaLocation="urn:transactions ../XSD/transactions.xsd ">
	<transaction>
		<transactionID>TRAN_001</transactionID>
		<orderID>ORD_001</orderID>
		<priceID>PR_001</priceID>
		<transactionDate>08-12-2017</transactionDate>
		<transactionDesc>Honda Civic 2016</transactionDesc>
		<transactionAmount>125.99</transactionAmount>
		<make>Honda</make>
		<model>Civic</model>
		<year>2016</year>
		<employeeID>EMP_002</employeeID>
		<truckNo>TR_001</truckNo>
		<discount>0</discount>
		<quantity>1</quantity>
		<unitPrice>45000.00</unitPrice>
		<driverPrice>200.00</driverPrice>
		<VIN>JH4DB7550RS000461</VIN>
		<runNumber>2</runNumber>
		<isSpecial>yes</isSpecial>
		<rate>1200</rate>
		<surcharge>50.00</surcharge>
	</transaction>
	<transaction>
		<transactionID>TRAN_002</transactionID>
		<orderID>ORD_002</orderID>
		<priceID>PR_002</priceID>
		<transactionDate>09-15-2017</transactionDate>
		<transactionDesc>Toyota Camary</transactionDesc>
		<transactionAmount>177.99</transactionAmount>
		<make>Toyota</make>
		<model>Camary</model>
		<year>2017</year>
		<employeeID>EMP_001</employeeID>
		<truckNo>TR_002</truckNo>
		<discount>20</discount>
		<quantity>1</quantity>
		<unitPrice>75000.00</unitPrice>
		<driverPrice>200.00</driverPrice>
		<VIN>1B3HB48B67D562726</VIN>
		<runNumber>4</runNumber>
		<isSpecial>yes</isSpecial>
		<rate>75000</rate>
		<surcharge>20.00</surcharge>
	</transaction>
	<transaction>
		<transactionID>TRAN_003</transactionID>
		<orderID>ORD_003</orderID>
		<priceID>PR_002</priceID>
		<transactionDate>10-01-2017</transactionDate>
		<transactionDesc>Chevy Malibu</transactionDesc>
		<transactionAmount>210.99</transactionAmount>
		<make>Chevrolet</make>
		<model>Malibu</model>
		<year>2016</year>
		<employeeID>EMP_003</employeeID>
		<truckNo>TR_003</truckNo>
		<discount></discount>
		<quantity>1</quantity>
		<unitPrice>54000.00</unitPrice>
		<driverPrice>150.00</driverPrice>
		<VIN>1FTSW2BR5AEA23373</VIN>
		<runNumber>1</runNumber>
		<isSpecial>yes</isSpecial>
		<rate>750</rate>
		<surcharge>90.00</surcharge>
	</transaction>
</trn:transactions>
