<?xml version="1.0" encoding="UTF-8"?>
<tru:trucks xmlns:tru="urn:trucks"
	xmlns:xsi="http://www.w3.org/2001/XMLSchema-instance"
	xsi:schemaLocation="urn:trucks ../XSD/trucks.xsd ">

	<truck>
		<truckNo>TR_001</truckNo>
		<make>Freightliner</make>
		<model>Coronado SD</model>
		<year>2016</year>
		<licenseplateNo>TN00789</licenseplateNo>
		<employeeID>EMP_001</employeeID>
		<color>White</color>
		<VIN>1FMRU1662YLB78785</VIN>
		<truckCost>45067</truckCost>
	</truck>
	<truck>
		<truckNo>TR_002</truckNo>
		<make>Volvo</make>
		<year>2017</year>
		<model>Volvo FMX</model>
		<licenseplateNo>NY26667</licenseplateNo>
		<employeeID>EMP_002</employeeID>
		<color>Black</color>
		<VIN>5NPEC4AB3DH589994</VIN>
		<truckCost>61034</truckCost>
	</truck>
	<truck>
		<truckNo>TR_003</truckNo>
		<make>Kenworth</make>
		<year>2014</year>
		<model>T680X</model>
		<licenseplateNo>CA746767</licenseplateNo>
		<employeeID>EMP_003</employeeID>
		<color>Red</color>
		<VIN>1FTFX1CT9BFC91194</VIN>
		<truckCost>55770</truckCost>
	</truck>
</tru:trucks>
