<?xml version="1.0" encoding="UTF-8"?>
<veh:vehicles xmlns:veh="urn:vehicles"
	xmlns:xsi="http://www.w3.org/2001/XMLSchema-instance"
	xsi:schemaLocation="urn:vehicles ../XSD/vehicles.xsd ">
	
	<vehicle>
		<vehicleID>VID_001</vehicleID>
		<make>BMW</make>
		<year>2017</year>
		<model>730d</model>
		<licenseplateNo>IL39904</licenseplateNo>
		<color>Black</color>
		<VIN>1FTFW1ET5DFB20266</VIN>
	</vehicle>
	<vehicle>
		<vehicleID>VID_002</vehicleID>
		<make>Audi</make>
		<year>2016</year>
		<model>Audi TT</model>
		<licenseplateNo>MA89760</licenseplateNo>
		<color>White</color>
		<VIN>5XXGN4A74EG317157</VIN>
	</vehicle>
	<vehicle>
		<vehicleID>VID_003</vehicleID>
		<make>Ford</make>
		<year>2016</year>
		<model>Mustang GT5.0</model>
		<licenseplateNo>IN67676</licenseplateNo>
		<color>Red</color>
		<VIN>JHMCM56473C088085</VIN>
	</vehicle>
	<vehicle>
		<vehicleID>VID_004</vehicleID>
		<make>Porsche</make>
		<year>2016</year>
		<model>911</model>
		<licenseplateNo>WI89876</licenseplateNo>
		<color>Black</color>
		<VIN>1G4HF579X8U196726</VIN>
	</vehicle>
</veh:vehicles>
